Vertices,Tipo,Tempo_Kruskal,Tempo_Prim
10,Denso,5.762999990110984e-05,4.8240000069199596e-05
10,Esparso,5.6629999562574085e-05,3.6020000152348075e-05
50,Denso,0.0013926000001447392,0.0009136300004684017
50,Esparso,0.0017425899995942018,0.00021381999977165833
100,Denso,0.008241018999797234,0.0036835800001426833
100,Esparso,0.0067248589994051144,0.000451009999778762
500,Denso,0.21351753800081497,0.1336584769996989
500,Esparso,0.16963627299992368,0.0026348999999754597
